[{"id":"user-image-565295.png","fileName":"565295.png","name":"565295","publicUrl":"https://assets.nicepagecdn.com/7673a2f3/6048278/images/565295.png","size":2624,"hash":"bsVybcHhPkaUHnqX9lI/4CivC8k=","width":128,"height":128,"folderId":null,"thumbnail":{"url":"https://assets.nicepagecdn.com/7673a2f3/6048278/images/565295.png","width":128,"height":128},"usages":["6048289"]},{"id":"user-image-716AnkSZlNL._AC_UF894_1000_QL80_-removebg-preview.png","fileName":"716AnkSZlNL._AC_UF894_1000_QL80_-removebg-preview.png","name":"716AnkSZlNL._AC_UF894_1000_QL80_-removebg-preview","publicUrl":"https://assets.nicepagecdn.com/7673a2f3/6048278/images/716AnkSZlNL._AC_UF894_1000_QL80_-removebg-preview.png","size":544239,"hash":"CnRXSMZKq/23d691jKKNsJUII1M=","width":631,"height":396,"folderId":null,"thumbnail":{"url":"https://assets.nicepagecdn.com/7673a2f3/6048278/images/thumbnails/716AnkSZlNL._AC_UF894_1000_QL80_-removebg-preview.png","width":150,"height":94},"usages":["6048289"]},{"id":"user-image-CreamSimpleGuestSpeakerPodcastCover8.png","fileName":"CreamSimpleGuestSpeakerPodcastCover8.png","name":"CreamSimpleGuestSpeakerPodcastCover8","publicUrl":"https://assets.nicepagecdn.com/7673a2f3/6048278/images/CreamSimpleGuestSpeakerPodcastCover8.png","size":927558,"hash":"POotkgh6Q6qgHXAl94WScdDDrrk=","width":1920,"height":1080,"folderId":null,"thumbnail":{"url":"https://assets.nicepagecdn.com/7673a2f3/6048278/images/thumbnails/CreamSimpleGuestSpeakerPodcastCover8.png","width":150,"height":84},"usages":["6048290"]},{"id":"user-image-CreamSimpleGuestSpeakerPodcastCover5.png","publicUrl":"https://assets.nicepagecdn.com/7673a2f3/6048278/images/CreamSimpleGuestSpeakerPodcastCover5.png","size":587742,"hash":"YdBPCBjdy0YcD1LX3LphRq9+ekw=","fileName":"CreamSimpleGuestSpeakerPodcastCover5.png","name":"CreamSimpleGuestSpeakerPodcastCover5","width":1920,"height":1080,"folderId":null,"usages":["47283357","6048290"],"thumbnail":{"url":"https://assets.nicepagecdn.com/7673a2f3/6048278/images/CreamSimpleGuestSpeakerPodcastCover5.png","width":1920,"height":1080}},{"id":"user-image-image2.png","publicUrl":"https://assets.nicepagecdn.com/7673a2f3/6048278/images/image2.png","size":829103,"fileName":"image2.png","name":"image2","width":885,"height":662,"usages":["276986729","84746732"],"thumbnail":{"url":"https://assets.nicepagecdn.com/7673a2f3/6048278/images/image2.png","width":885,"height":662}},{"id":"user-image-StoreImage-Blur.png","publicUrl":"https://assets.nicepagecdn.com/7673a2f3/6048278/images/StoreImage-Blur.png","size":284813,"fileName":"StoreImage-Blur.png","name":"StoreImage-Blur","width":697,"height":470,"usages":["276986729","6048289","84746732"],"thumbnail":{"url":"https://assets.nicepagecdn.com/7673a2f3/6048278/images/StoreImage-Blur.png","width":697,"height":470}},{"id":"user-image-FiveStar_2004-11.jpg","publicUrl":"https://assets.nicepagecdn.com/7673a2f3/6048278/images/FiveStar_2004-11.jpg","size":182558,"fileName":"FiveStar_2004-11.jpg","name":"FiveStar_2004-11","width":1499,"height":749,"usages":[],"thumbnail":{"url":"https://assets.nicepagecdn.com/7673a2f3/6048278/images/FiveStar_2004-11.jpg","width":1499,"height":749}},{"id":"user-image-225203-P29OZD-286-min.png","publicUrl":"https://assets.nicepagecdn.com/7673a2f3/6048278/images/225203-P29OZD-286-min.png","size":28735,"hash":"yv0qeI1w3JIQ3C0Zs83EFMkyzWg=","fileName":"225203-P29OZD-286-min.png","name":"225203-P29OZD-286-min","width":700,"height":749,"folderId":null,"originalUrl":"//images01.nicepage.com/c461c07a441a5d220e8feb1a/3fba6e4bf5585641ad2a2e2f/225203-P29OZD-286-min.png","usages":["8786273"],"thumbnail":{"url":"https://assets.nicepagecdn.com/7673a2f3/6048278/images/225203-P29OZD-286-min.png","width":700,"height":749}},{"id":"user-image-ttttttttttttttt.jpg","publicUrl":"https://assets.nicepagecdn.com/7673a2f3/6048278/images/ttttttttttttttt.jpg","size":47239,"hash":"JiR/fpy3X/F9G89i4Z/2l8/Zyh4=","fileName":"ttttttttttttttt.jpg","name":"ttttttttttttttt","width":1980,"height":1980,"folderId":null,"originalUrl":"//images01.nicepage.com/c461c07a441a5d220e8feb1a/3782079010395faf93c45e46/ttttttttttttttt.jpg","usages":["8786273"],"thumbnail":{"url":"https://assets.nicepagecdn.com/7673a2f3/6048278/images/ttttttttttttttt.jpg","width":1980,"height":1980}},{"id":"user-image-favicon.png","publicUrl":"https://assets.nicepagecdn.com/7673a2f3/6048278/images/favicon.png","size":1332,"hash":"yilm1cXpWA60zFGLYTczwvJHf6k=","fileName":"favicon.png","name":"favicon","width":32,"height":32,"folderId":null,"usages":[],"thumbnail":{"url":"https://assets.nicepagecdn.com/7673a2f3/6048278/images/favicon.png","width":32,"height":32}}]