[{"id":6048289,"title":"FiveStar Newsletter","order":0,"templateKey":null,"customTemplate":false,"customTemplateFilename":null,"pageLinks":["276986729"],"dateCreated":"2023-11-15T20:27:00.37","dateUpdated":"2023-11-28T14:46:20.597Z","folderId":null,"pageName":"FiveStar Newsletter_6048289","serverPageId":null,"sectionCount":4,"status":2},{"id":6048290,"title":"FiveStar Insider Podcast","order":0,"templateKey":null,"customTemplate":false,"customTemplateFilename":null,"pageLinks":["276986729"],"dateCreated":"2023-11-15T20:27:00.857","dateUpdated":"2023-11-28T15:25:21.380Z","folderId":null,"pageName":"FiveStar Insider Podcast_6048290","serverPageId":null,"sectionCount":3,"status":2},{"id":6048279,"title":"Blog Template","order":1,"templateKey":"blog","customTemplate":false,"customTemplateFilename":null,"pageLinks":[""],"dateCreated":"2023-11-15T20:26:56.247","dateUpdated":"2023-11-15T20:26:56.497","folderId":null,"pageName":null,"serverPageId":null,"sectionCount":0,"status":2},{"id":84746732,"title":"11 2023","order":1,"templateKey":null,"customTemplate":false,"customTemplateFilename":null,"pageLinks":["276986729"],"dateCreated":"2023-11-28T13:19:08.650Z","dateUpdated":"2023-11-28T13:20:10.049Z","folderId":null,"pageName":"11 2023_84746732","serverPageId":null,"sectionCount":4,"status":2},{"id":6048280,"title":"Post Template","order":2,"templateKey":"post","customTemplate":false,"customTemplateFilename":null,"pageLinks":[""],"dateCreated":"2023-11-15T20:26:56.73","dateUpdated":"2023-11-15T20:26:56.92","folderId":null,"pageName":null,"serverPageId":null,"sectionCount":0,"status":2},{"id":6048281,"title":"Product List Template","order":3,"templateKey":"products","customTemplate":false,"customTemplateFilename":null,"pageLinks":[""],"dateCreated":"2023-11-15T20:26:57.137","dateUpdated":"2023-11-15T20:26:57.327","folderId":null,"pageName":null,"serverPageId":null,"sectionCount":0,"status":2},{"id":6048282,"title":"Product Details Template","order":4,"templateKey":"product","customTemplate":false,"customTemplateFilename":null,"pageLinks":[""],"dateCreated":"2023-11-15T20:26:57.543","dateUpdated":"2023-11-15T20:26:57.747","folderId":null,"pageName":null,"serverPageId":null,"sectionCount":0,"status":2},{"id":6048283,"title":"Shopping Cart Template","order":5,"templateKey":"cart","customTemplate":false,"customTemplateFilename":null,"pageLinks":[""],"dateCreated":"2023-11-15T20:26:57.967","dateUpdated":"2023-11-15T20:26:58.183","folderId":null,"pageName":null,"serverPageId":null,"sectionCount":0,"status":2},{"id":6048284,"title":"Checkout Template","order":6,"templateKey":"checkout","customTemplate":false,"customTemplateFilename":null,"pageLinks":[""],"dateCreated":"2023-11-15T20:26:58.417","dateUpdated":"2023-11-15T20:26:58.577","folderId":null,"pageName":null,"serverPageId":null,"sectionCount":0,"status":2},{"id":6048285,"title":"Login Template","order":7,"templateKey":"login","customTemplate":false,"customTemplateFilename":null,"pageLinks":[""],"dateCreated":"2023-11-15T20:26:58.823","dateUpdated":"2023-11-15T20:26:59.013","folderId":null,"pageName":null,"serverPageId":null,"sectionCount":0,"status":2},{"id":6048286,"title":"Page Password Template","order":8,"templateKey":"password","customTemplate":false,"customTemplateFilename":null,"pageLinks":[""],"dateCreated":"2023-11-15T20:26:59.247","dateUpdated":"2023-11-15T20:26:59.403","folderId":null,"pageName":null,"serverPageId":null,"sectionCount":0,"status":2},{"id":6048287,"title":"404 Not Found Template","order":9,"templateKey":"404","customTemplate":false,"customTemplateFilename":null,"pageLinks":[""],"dateCreated":"2023-11-15T20:26:59.513","dateUpdated":"2023-11-15T20:26:59.667","folderId":null,"pageName":null,"serverPageId":null,"sectionCount":0,"status":2},{"id":6048288,"title":"Thank You Page Template","order":10,"templateKey":"ThankYou","customTemplate":false,"customTemplateFilename":null,"pageLinks":[""],"dateCreated":"2023-11-15T20:26:59.887","dateUpdated":"2023-11-15T20:27:00.073","folderId":null,"pageName":null,"serverPageId":null,"sectionCount":0,"status":2}]